{
    "fold0": {
        "afm_bg": {
            "accuracy": 0.93775826446281,
            "balanced_accuracy": 0.5152896830936758,
            "auc": 0.7810055997642203,
            "f1_score": 0.9678137381471753,
            "RMSE": 0.2329746528061029
        },
        "afm_bg_train": {
            "accuracy": 0.9387298067097167,
            "balanced_accuracy": 0.5212757511863477,
            "auc": 0.7917496022413211,
            "f1_score": 0.9683071663142742,
            "RMSE": 0.23092632513662534
        },
        "afm_bgt": {
            "accuracy": 0.9391356749311295,
            "balanced_accuracy": 0.5279722648797059,
            "auc": 0.8240421921293064,
            "f1_score": 0.9684951650995945,
            "RMSE": 0.22791080726206484
        },
        "afm_bgt_train": {
            "accuracy": 0.9400778379318592,
            "balanced_accuracy": 0.5343091955658716,
            "auc": 0.8335503701968834,
            "f1_score": 0.9689723498153652,
            "RMSE": 0.2255544897611649
        },
        "pfa": {
            "accuracy": 0.9404269972451791,
            "balanced_accuracy": 0.5601012611103355,
            "auc": 0.8118934028262522,
            "f1_score": 0.9690463410270174,
            "RMSE": 0.22434718212046456
        },
        "pfa_train": {
            "accuracy": 0.9412084447633335,
            "balanced_accuracy": 0.5683359762979707,
            "auc": 0.8286892052766066,
            "f1_score": 0.9694318207510909,
            "RMSE": 0.2224103310492287
        },
        "item_avg": {
            "accuracy": 0.9378443526170799,
            "balanced_accuracy": 0.5241386756014705,
            "auc": 0.8120475281927187,
            "f1_score": 0.9678195756819398,
            "RMSE": 0.23073265817564784
        },
        "item_avg_train": {
            "accuracy": 0.9385993520753159,
            "balanced_accuracy": 0.5269632204918965,
            "auc": 0.8263672892372739,
            "f1_score": 0.9682118012562192,
            "RMSE": 0.22778915162390756
        },
        "global_avg": {
            "accuracy": 0.9362086776859504,
            "balanced_accuracy": 0.5,
            "auc": 0.5,
            "f1_score": 0.9670534880618914,
            "RMSE": 0.24438117633756723
        },
        "global_avg_train": {
            "accuracy": 0.9366207901202357,
            "balanced_accuracy": 0.5,
            "auc": 0.5,
            "f1_score": 0.967273298829024,
            "RMSE": 0.2436437678964539
        }
    },
    "fold1": {
        "afm_bg": {
            "accuracy": 0.9375827668402931,
            "balanced_accuracy": 0.5228460190722815,
            "auc": 0.7962288956368044,
            "f1_score": 0.9676859088623795,
            "RMSE": 0.2329954178554955
        },
        "afm_bg_train": {
            "accuracy": 0.9388099044985091,
            "balanced_accuracy": 0.5192255876303113,
            "auc": 0.7875549214499221,
            "f1_score": 0.9683589560243118,
            "RMSE": 0.23091928357023625
        },
        "afm_bgt": {
            "accuracy": 0.9396133133221506,
            "balanced_accuracy": 0.5378592109049057,
            "auc": 0.8328961531742607,
            "f1_score": 0.9687071095251166,
            "RMSE": 0.22760128087056872
        },
        "afm_bgt_train": {
            "accuracy": 0.939955058121948,
            "balanced_accuracy": 0.5314906862864263,
            "auc": 0.8313298762036805,
            "f1_score": 0.9689188131214281,
            "RMSE": 0.22559664084181832
        },
        "pfa": {
            "accuracy": 0.9397898825814426,
            "balanced_accuracy": 0.5778368220399943,
            "auc": 0.8322274415808618,
            "f1_score": 0.9686205944602927,
            "RMSE": 0.22484078915281666
        },
        "pfa_train": {
            "accuracy": 0.9416187718767556,
            "balanced_accuracy": 0.5678193615740708,
            "auc": 0.8231456300634938,
            "f1_score": 0.9696554512375904,
            "RMSE": 0.222255773906301
        },
        "item_avg": {
            "accuracy": 0.9375827668402931,
            "balanced_accuracy": 0.5215798857307273,
            "auc": 0.8243442618739338,
            "f1_score": 0.9676918155645936,
            "RMSE": 0.2300561489417534
        },
        "item_avg_train": {
            "accuracy": 0.9387666911542284,
            "balanced_accuracy": 0.5209586001477481,
            "auc": 0.823538109841297,
            "f1_score": 0.9683281180151989,
            "RMSE": 0.2279333509098542
        },
        "global_avg": {
            "accuracy": 0.9351107972102057,
            "balanced_accuracy": 0.5,
            "auc": 0.5,
            "f1_score": 0.966467448332497,
            "RMSE": 0.24633665730083654
        },
        "global_avg_train": {
            "accuracy": 0.9368869106780173,
            "balanced_accuracy": 0.5,
            "auc": 0.5,
            "f1_score": 0.9674151913702129,
            "RMSE": 0.24316625439854536
        }
    },
    "fold2": {
        "afm_bg": {
            "accuracy": 0.9360822929488307,
            "balanced_accuracy": 0.5174963676156845,
            "auc": 0.7846566375054154,
            "f1_score": 0.9669049028087586,
            "RMSE": 0.23541291696549024
        },
        "afm_bg_train": {
            "accuracy": 0.9392451605926246,
            "balanced_accuracy": 0.5241169143214963,
            "auc": 0.7900330408492107,
            "f1_score": 0.9685706293706294,
            "RMSE": 0.23024898175208502
        },
        "afm_bgt": {
            "accuracy": 0.9372252505714788,
            "balanced_accuracy": 0.5307543149251657,
            "auc": 0.8227952040265823,
            "f1_score": 0.9674567000911577,
            "RMSE": 0.23058657741479466
        },
        "afm_bgt_train": {
            "accuracy": 0.9407591651346383,
            "balanced_accuracy": 0.5381791796002208,
            "auc": 0.8334102006802668,
            "f1_score": 0.9693208929311484,
            "RMSE": 0.22478974620672348
        },
        "pfa": {
            "accuracy": 0.9388957270968876,
            "balanced_accuracy": 0.5651617049625216,
            "auc": 0.8307573291399986,
            "f1_score": 0.9681965862810599,
            "RMSE": 0.22660060469804172
        },
        "pfa_train": {
            "accuracy": 0.9417757110414189,
            "balanced_accuracy": 0.570180554523331,
            "auc": 0.8233707121611513,
            "f1_score": 0.9697296811046643,
            "RMSE": 0.22192203758863674
        },
        "item_avg": {
            "accuracy": 0.9362581325830842,
            "balanced_accuracy": 0.5239138353482593,
            "auc": 0.8193028657519803,
            "f1_score": 0.9669688824092214,
            "RMSE": 0.2319271567633531
        },
        "item_avg_train": {
            "accuracy": 0.9390721315021088,
            "balanced_accuracy": 0.5254617733424626,
            "auc": 0.8242039835610114,
            "f1_score": 0.9684719470839068,
            "RMSE": 0.2275147031119365
        },
        "global_avg": {
            "accuracy": 0.9352910145946897,
            "balanced_accuracy": 0.5,
            "auc": 0.5,
            "f1_score": 0.9665636925313464,
            "RMSE": 0.24601655546589266
        },
        "global_avg_train": {
            "accuracy": 0.9368443819617173,
            "balanced_accuracy": 0.5,
            "auc": 0.5,
            "f1_score": 0.967392518146287,
            "RMSE": 0.24324264829278036
        }
    },
    "fold3": {
        "afm_bg": {
            "accuracy": 0.9429320257017247,
            "balanced_accuracy": 0.5190430537080152,
            "auc": 0.7842188337930942,
            "f1_score": 0.9705587298817988,
            "RMSE": 0.22481360092734215
        },
        "afm_bg_train": {
            "accuracy": 0.937332080994299,
            "balanced_accuracy": 0.5218392928712408,
            "auc": 0.7911265736973712,
            "f1_score": 0.9675558922977756,