{
    "fold0": {
        "afm_bg": {
            "accuracy": 0.93775826446281,
            "balanced_accuracy": 0.5152896830936758,
            "auc": 0.7801549940279524,
            "f1_score": 0.9678137381471753,
            "RMSE": 0.23299681364657304
        },
        "afm_bg_train": {
            "accuracy": 0.9387298067097167,
            "balanced_accuracy": 0.5211158314524127,
            "auc": 0.7915463210577295,
            "f1_score": 0.968307879169572,
            "RMSE": 0.23095749114341085
        },
        "afm_bgt": {
            "accuracy": 0.9393078512396694,
            "balanced_accuracy": 0.529321792545023,
            "auc": 0.8240516853584005,
            "f1_score": 0.9685814875885734,
            "RMSE": 0.2279176786534987
        },
        "afm_bgt_train": {
            "accuracy": 0.9400778379318592,
            "balanced_accuracy": 0.5341492758319366,
            "auc": 0.8335981792809994,
            "f1_score": 0.9689730484317656,
            "RMSE": 0.2255595961005593
        },
        "pfa": {
            "accuracy": 0.9403409090909091,
            "balanced_accuracy": 0.5594264972776769,
            "auc": 0.8110551444925311,
            "f1_score": 0.9690029968242609,
            "RMSE": 0.2243569984174536
        },
        "pfa_train": {
            "accuracy": 0.9413388993977344,
            "balanced_accuracy": 0.5687254568819557,
            "auc": 0.8284667080823592,
            "f1_score": 0.9695003391363328,
            "RMSE": 0.22242498137029335
        },
        "item_avg": {
            "accuracy": 0.9378443526170799,
            "balanced_accuracy": 0.5241386756014705,
            "auc": 0.8120475281927187,
            "f1_score": 0.9678195756819398,
            "RMSE": 0.23073265817564784
        },
        "item_avg_train": {
            "accuracy": 0.9385993520753159,
            "balanced_accuracy": 0.5269632204918965,
            "auc": 0.8263672892372739,
            "f1_score": 0.9682118012562192,
            "RMSE": 0.22778915162390756
        },
        "global_avg": {
            "accuracy": 0.9362086776859504,
            "balanced_accuracy": 0.5,
            "auc": 0.5,
            "f1_score": 0.9670534880618914,
            "RMSE": 0.24438117633756723
        },
        "global_avg_train": {
            "accuracy": 0.9366207901202357,
            "balanced_accuracy": 0.5,
            "auc": 0.5,
            "f1_score": 0.967273298829024,
            "RMSE": 0.2436437678964539
        }
    },
    "fold1": {
        "afm_bg": {
            "accuracy": 0.937847620729231,
            "balanced_accuracy": 0.523620702057258,
            "auc": 0.7963344174527817,
            "f1_score": 0.9678244972577696,
            "RMSE": 0.2330183376291793
        },
        "afm_bg_train": {
            "accuracy": 0.938745084482088,
            "balanced_accuracy": 0.5187120648641355,
            "auc": 0.7873990364611783,
            "f1_score": 0.968326499603383,
            "RMSE": 0.23094122587380486
        },
        "afm_bgt": {
            "accuracy": 0.9395250286925046,
            "balanced_accuracy": 0.5371789387960623,
            "auc": 0.8330147769077421,
            "f1_score": 0.9686627933574271,
            "RMSE": 0.2276326350352951
        },
        "afm_bgt_train": {
            "accuracy": 0.9400414848105095,
            "balanced_accuracy": 0.5316964538399434,
            "auc": 0.831350573757266,
            "f1_score": 0.9689642445729367,
            "RMSE": 0.22559654386554265
        },
        "pfa": {
            "accuracy": 0.9394367440628587,
            "balanced_accuracy": 0.5763818669461742,
            "auc": 0.8325284645580286,
            "f1_score": 0.9684365510260422,
            "RMSE": 0.224853146418798
        },
        "pfa_train": {
            "accuracy": 0.9415971652046152,
            "balanced_accuracy": 0.5679674736307128,
            "auc": 0.8230467571039093,
            "f1_score": 0.9696431980772902,
            "RMSE": 0.2222685369394888
        },
        "item_avg": {
            "accuracy": 0.9375827668402931,
            "balanced_accuracy": 0.5215798857307273,
            "auc": 0.8243442618739338,
            "f1_score": 0.9676918155645936,
            "RMSE": 0.2300561489417534
        },
        "item_avg_train": {
            "accuracy": 0.9387666911542284,
            "balanced_accuracy": 0.5209586001477481,
            "auc": 0.823538109841297,
            "f1_score": 0.9683281180151989,
            "RMSE": 0.2279333509098542
        },
        "global_avg": {
            "accuracy": 0.9351107972102057,
            "balanced_accuracy": 0.5,
            "auc": 0.5,
            "f1_score": 0.966467448332497,
            "RMSE": 0.24633665730083654
        },
        "global_avg_train": {
            "accuracy": 0.9368869106780173,
            "balanced_accuracy": 0.5,
            "auc": 0.5,
            "f1_score": 0.9674151913702129,
            "RMSE": 0.24316625439854536
        }
    },
    "fold2": {
        "afm_bg": {
            "accuracy": 0.9362581325830842,
            "balanced_accuracy": 0.5169580237377082,
            "auc": 0.7846936127255042,
            "f1_score": 0.9670019571253015,
            "RMSE": 0.2354170731407039
        },
        "afm_bg_train": {
            "accuracy": 0.9392451605926246,
            "balanced_accuracy": 0.5242766038529473,
            "auc": 0.7900208136002744,
            "f1_score": 0.968569926040303,
            "RMSE": 0.23026913355254225
        },
        "afm_bgt": {
            "accuracy": 0.9374010902057324,
            "balanced_accuracy": 0.5321130105773396,
            "auc": 0.8226743799913354,
            "f1_score": 0.9675448992615553,
            "RMSE": 0.23057554354502588
        },
        "afm_bgt_train": {
            "accuracy": 0.9406726505893803,
            "balanced_accuracy": 0.5376539376248224,
            "auc": 0.8335277688611147,
            "f1_score": 0.9692767778138686,
            "RMSE": 0.2247922829502953
        },
        "pfa": {
            "accuracy": 0.9389836469140144,
            "balanced_accuracy": 0.5658410527886085,
            "auc": 0.8308060546890965,
            "f1_score": 0.9682408932820794,
            "RMSE": 0.22659016308023583
        },
        "pfa_train": {
            "accuracy": 0.9417108251324754,
            "balanced_accuracy": 0.5693474768302922,
            "auc": 0.8233993135662769,
            "f1_score": 0.9696983325650164,
            "RMSE": 0.2219338119644612
        },
        "item_avg": {
            "accuracy": 0.9362581325830842,
            "balanced_accuracy": 0.5239138353482593,
            "auc": 0.8193028657519803,
            "f1_score": 0.9669688824092214,
            "RMSE": 0.2319271567633531
        },
        "item_avg_train": {
            "accuracy": 0.9390721315021088,
            "balanced_accuracy": 0.5254617733424626,
            "auc": 0.8242039835610114,
            "f1_score": 0.9684719470839068,
            "RMSE": 0.2275147031119365
        },
        "global_avg": {
            "accuracy": 0.9352910145946897,
            "balanced_accuracy": 0.5,
            "auc": 0.5,
            "f1_score": 0.9665636925313464,
            "RMSE": 0.24601655546589266
        },
        "global_avg_train": {
            "accuracy": 0.9368443819617173,
            "balanced_accuracy": 0.5,
            "auc": 0.5,
            "f1_score": 0.967392518146287,
            "RMSE": 0.24324264829278036
        }
    },
    "fold3": {
        "afm_bg": {
            "accuracy": 0.9429320257017247,
            "balanced_accuracy": 0.5190430537080152,
            "auc": 0.7843236330262211,
            "f1_score": 0.9705587298817988,
            "RMSE": 0.22483218974848135
        },
        "afm_bg_train": {
            "accuracy": 0.9373539241169918,
            "balanced_accuracy": 0.5216940145620178,
            "auc": 0.790876202368439,
            "f1_score": 0.9675683010674869,