{
    "params": {
        "change_qmatrix_method": null,
        "compute_samples_weight_method": null,
        "scale_features_method": "MaxAbsScaler",
        "n_splits": 5
    },
    "fold0": {
        "afm_bg": {
            "accuracy": 0.93775826446281,
            "balanced_accuracy": 0.5152896830936758,
            "auc": 0.7810055997642203,
            "f1_score": 0.9678137381471753,
            "RMSE": 0.2329746528061029
        },
        "afm_bg_train": {
            "accuracy": 0.9387298067097167,
            "balanced_accuracy": 0.5212757511863477,
            "auc": 0.7917496022413211,
            "f1_score": 0.9683071663142742,
            "RMSE": 0.23092632513662534
        },
        "afm_bgt": {
            "accuracy": 0.9391356749311295,
            "balanced_accuracy": 0.5279722648797059,
            "auc": 0.8240421921293064,
            "f1_score": 0.9684951650995945,
            "RMSE": 0.22791080726206484
        },
        "afm_bgt_train": {
            "accuracy": 0.9400778379318592,
            "balanced_accuracy": 0.5343091955658716,
            "auc": 0.8335503701968834,
            "f1_score": 0.9689723498153652,
            "RMSE": 0.2255544897611649
        },
        "pfa": {
            "accuracy": 0.9403409090909091,
            "balanced_accuracy": 0.5600552840988413,
            "auc": 0.8119543332247506,
            "f1_score": 0.9690002236636099,
            "RMSE": 0.2243633815627757
        },
        "pfa_train": {
            "accuracy": 0.9412301872024004,
            "balanced_accuracy": 0.5683475831506565,
            "auc": 0.8287053075449639,
            "f1_score": 0.9694434709865587,
            "RMSE": 0.2224098792143372
        },
        "das3h_lr": {
            "accuracy": 0.9415461432506887,
            "balanced_accuracy": 0.5707595513983899,
            "auc": 0.8571895698574464,
            "f1_score": 0.9696020056408649,
            "RMSE": 0.21807564208174177
        },
        "das3h_lr_train": {
            "accuracy": 0.9431870067184137,
            "balanced_accuracy": 0.5826655378089941,
            "auc": 0.8715827335264916,
            "f1_score": 0.970435490988086,
            "RMSE": 0.2145054674824114
        },
        "das3h": {
            "accuracy": 0.9423209366391184,
            "balanced_accuracy": 0.5780899995346457,
            "auc": 0.8572048334806955,
            "f1_score": 0.9699874574449023,
            "RMSE": 0.21743609847110634
        },
        "item_avg": {
            "accuracy": 0.9378443526170799,
            "balanced_accuracy": 0.5241386756014705,
            "auc": 0.8120475281927187,
            "f1_score": 0.9678195756819398,
            "RMSE": 0.23073265817564784
        },
        "item_avg_train": {
            "accuracy": 0.9385993520753159,
            "balanced_accuracy": 0.5269632204918965,
            "auc": 0.8263672892372739,
            "f1_score": 0.9682118012562192,
            "RMSE": 0.22778915162390756
        },
        "global_avg": {
            "accuracy": 0.9362086776859504,
            "balanced_accuracy": 0.5,
            "auc": 0.5,
            "f1_score": 0.9670534880618914,
            "RMSE": 0.24438117633756723
        },
        "global_avg_train": {
            "accuracy": 0.9366207901202357,
            "balanced_accuracy": 0.5,
            "auc": 0.5,
            "f1_score": 0.967273298829024,
            "RMSE": 0.2436437678964539
        }
    },
    "params_fm": {
        "task": "classification",
        "num_iter": 1000,
        "rlog": true,
        "learning_method": "mcmc",
        "k2": 5
    },
    "fold1": {
        "afm_bg": {
            "accuracy": 0.9375827668402931,
            "balanced_accuracy": 0.5228460190722815,
            "auc": 0.7962288956368044,
            "f1_score": 0.9676859088623795,
            "RMSE": 0.2329954178554955
        },
        "afm_bg_train": {
            "accuracy": 0.9388099044985091,
            "balanced_accuracy": 0.5192255876303113,
            "auc": 0.7875549214499221,
            "f1_score": 0.9683589560243118,
            "RMSE": 0.23091928357023625
        },
        "afm_bgt": {
            "accuracy": 0.9396133133221506,
            "balanced_accuracy": 0.5378592109049057,
            "auc": 0.8328961531742607,
            "f1_score": 0.9687071095251166,
            "RMSE": 0.22760128087056872
        },
        "afm_bgt_train": {
            "accuracy": 0.939955058121948,
            "balanced_accuracy": 0.5314906862864263,
            "auc": 0.8313298762036805,
            "f1_score": 0.9689188131214281,
            "RMSE": 0.22559664084181832
        },
        "pfa": {
            "accuracy": 0.9397015979517966,
            "balanced_accuracy": 0.5777896166019278,
            "auc": 0.832254030766385,
            "f1_score": 0.9685731376248103,
            "RMSE": 0.2248518884155959
        },
        "pfa_train": {
            "accuracy": 0.9415755585324749,
            "balanced_accuracy": 0.5676366562193038,
            "auc": 0.8232141139772076,
            "f1_score": 0.9696329904316967,
            "RMSE": 0.22225768941794843
        },
        "das3h_lr": {
            "accuracy": 0.9408492981371943,
            "balanced_accuracy": 0.5841008873337855,
            "auc": 0.8722787188893684,
            "f1_score": 0.9691642120765832,
            "RMSE": 0.21774304189945023
        },
        "das3h_lr_train": {
            "accuracy": 0.943520159025107,
            "balanced_accuracy": 0.5795301897722094,
            "auc": 0.86814561707571,
            "f1_score": 0.9706285534506393,
            "RMSE": 0.21457114095069396
        },
        "das3h": {
            "accuracy": 0.9430564138783438,
            "balanced_accuracy": 0.5903455566516637,
            "auc": 0.8724546313993877,
            "f1_score": 0.9703270920550213,
            "RMSE": 0.21648258727874187
        },
        "item_avg": {
            "accuracy": 0.9375827668402931,
            "balanced_accuracy": 0.5215798857307273,
            "auc": 0.8243442618739338,
            "f1_score": 0.9676918155645936,
            "RMSE": 0.2300561489417534
        },
        "item_avg_train": {
            "accuracy": 0.9387666911542284,
            "balanced_accuracy": 0.5209586001477481,
            "auc": 0.823538109841297,
            "f1_score": 0.9683281180151989,
            "RMSE": 0.2279333509098542
        },
        "global_avg": {
            "accuracy": 0.9351107972102057,
            "balanced_accuracy": 0.5,
            "auc": 0.5,
            "f1_score": 0.966467448332497,
            "RMSE": 0.24633665730083654
        },
        "global_avg_train": {
            "accuracy": 0.9368869106780173,
            "balanced_accuracy": 0.5,
            "auc": 0.5,
            "f1_score": 0.9674151913702129,
            "RMSE": 0.24316625439854536
        }
    },
    "fold2": {
        "afm_bg": {
            "accuracy": 0.9360822929488307,
            "balanced_accuracy": 0.5174963676156845,
            "auc": 0.7846566375054154,
            "f1_score": 0.9669049028087586,
            "RMSE": 0.23541291696549024
        },
        "afm_bg_train": {
            "accuracy": 0.9392451605926246,
            "balanced_accuracy": 0.5241169143214963,
            "auc": 0.7900330408492107,
            "f1_score": 0.9685706293706294,
            "RMSE": 0.23024898175208502
        },
        "afm_bgt": {
            "accuracy": 0.9372252505714788,
            "balanced_accuracy": 0.5307543149251657,
            "auc": 0.8227952040265823,
            "f1_score": 0.9674567000911577,
            "RMSE": 0.23058657741479466
        },
        "afm_bgt_train": {
            "accuracy": 0.9407591651346383,
            "balanced_accuracy": 0.5381791796002208,
            "auc": 0.8334102006802668,
            "f1_score": 0.9693208929311484,
            "RMSE": 0.22478974620672348
        },
        "pfa": {
            "accuracy": 0.9388957270968876,