{
    "fold0": {
        "afm_bg": {
            "accuracy": 0.9375,
            "balanced_accuracy": 0.5164093257015218,
            "auc": 0.7741405680425643,
            "f1_score": 0.9676701104381903,
            "RMSE": 0.23436458443187672
        },
        "afm_bg_train": {
            "accuracy": 0.938338442806514,
            "balanced_accuracy": 0.5194676304986519,
            "auc": 0.7873456358273719,
            "f1_score": 0.9681054454666098,
            "RMSE": 0.2319739765064009
        },
        "afm_bgt": {
            "accuracy": 0.9392217630853994,
            "balanced_accuracy": 0.5273894550700359,
            "auc": 0.8207992306141128,
            "f1_score": 0.9685439315630013,
            "RMSE": 0.22845520575965145
        },
        "afm_bgt_train": {
            "accuracy": 0.9397082164677234,
            "balanced_accuracy": 0.5307535646575755,
            "auc": 0.8314037833322729,
            "f1_score": 0.9687897443977984,
            "RMSE": 0.2260646528363905
        },
        "pfa": {
            "accuracy": 0.9400826446280992,
            "balanced_accuracy": 0.5567734189585369,
            "auc": 0.8070987016613151,
            "f1_score": 0.9688757713979073,
            "RMSE": 0.2252116064817512
        },
        "pfa_train": {
            "accuracy": 0.9409475354945318,
            "balanced_accuracy": 0.565478058588844,
            "auc": 0.8257875438681295,
            "f1_score": 0.9693037974683545,
            "RMSE": 0.22315553840140814
        },
        "item_avg": {
            "accuracy": 0.9378443526170799,
            "balanced_accuracy": 0.5241386756014705,
            "auc": 0.8120475281927187,
            "f1_score": 0.9678195756819398,
            "RMSE": 0.23073265817564784
        },
        "item_avg_train": {
            "accuracy": 0.9385993520753159,
            "balanced_accuracy": 0.5269632204918965,
            "auc": 0.8263672892372739,
            "f1_score": 0.9682118012562192,
            "RMSE": 0.22778915162390756
        },
        "global_avg": {
            "accuracy": 0.9362086776859504,
            "balanced_accuracy": 0.5,
            "auc": 0.5,
            "f1_score": 0.9670534880618914,
            "RMSE": 0.24438117633756723
        },
        "global_avg_train": {
            "accuracy": 0.9366207901202357,
            "balanced_accuracy": 0.5,
            "auc": 0.5,
            "f1_score": 0.967273298829024,
            "RMSE": 0.2436437678964539
        }
    },
    "fold1": {
        "afm_bg": {
            "accuracy": 0.9369647744327713,
            "balanced_accuracy": 0.5193502476519308,
            "auc": 0.7901896823684157,
            "f1_score": 0.9673704414587332,
            "RMSE": 0.23470456189883
        },
        "afm_bg_train": {
            "accuracy": 0.938377771055702,
            "balanced_accuracy": 0.5178774635506923,
            "auc": 0.7828142066081356,
            "f1_score": 0.9681333661087398,
            "RMSE": 0.23188506927985683
        },
        "afm_bgt": {
            "accuracy": 0.9388187516553368,
            "balanced_accuracy": 0.5330028952668681,
            "auc": 0.8303321592987648,
            "f1_score": 0.9683026117184284,
            "RMSE": 0.22847292780354883
        },
        "afm_bgt_train": {
            "accuracy": 0.9399766647940884,
            "balanced_accuracy": 0.5305443584496995,
            "auc": 0.8292763654442172,
            "f1_score": 0.9689345142243693,
            "RMSE": 0.22605119859067754
        },
        "pfa": {
            "accuracy": 0.9393484594332127,
            "balanced_accuracy": 0.5744354614957766,
            "auc": 0.8271391449328976,
            "f1_score": 0.9683978103868623,
            "RMSE": 0.22603617600017423
        },
        "pfa_train": {
            "accuracy": 0.9411434250896676,
            "balanced_accuracy": 0.5634149553313792,
            "auc": 0.8208038260290366,
            "f1_score": 0.9694186855872646,
            "RMSE": 0.22296657371720097
        },
        "item_avg": {
            "accuracy": 0.9375827668402931,
            "balanced_accuracy": 0.5215798857307273,
            "auc": 0.8243442618739338,
            "f1_score": 0.9676918155645936,
            "RMSE": 0.2300561489417534
        },
        "item_avg_train": {
            "accuracy": 0.9387666911542284,
            "balanced_accuracy": 0.5209586001477481,
            "auc": 0.823538109841297,
            "f1_score": 0.9683281180151989,
            "RMSE": 0.2279333509098542
        },
        "global_avg": {
            "accuracy": 0.9351107972102057,
            "balanced_accuracy": 0.5,
            "auc": 0.5,
            "f1_score": 0.966467448332497,
            "RMSE": 0.24633665730083654
        },
        "global_avg_train": {
            "accuracy": 0.9368869106780173,
            "balanced_accuracy": 0.5,
            "auc": 0.5,
            "f1_score": 0.9674151913702129,
            "RMSE": 0.24316625439854536
        }
    },
    "fold2": {
        "afm_bg": {
            "accuracy": 0.9359064533145771,
            "balanced_accuracy": 0.5136082859233102,
            "auc": 0.782293480304405,
            "f1_score": 0.966828957546526,
            "RMSE": 0.2358315363726829
        },
        "afm_bg_train": {
            "accuracy": 0.9386179301395047,
            "balanced_accuracy": 0.520268987616995,
            "auc": 0.7851050997866853,
            "f1_score": 0.9682514822687102,
            "RMSE": 0.2315153849840091
        },
        "afm_bgt": {
            "accuracy": 0.937576929839986,
            "balanced_accuracy": 0.5290452806591628,
            "auc": 0.8220427998070903,
            "f1_score": 0.9676537585421412,
            "RMSE": 0.23040935719690214
        },
        "afm_bgt_train": {
            "accuracy": 0.9404996214988645,
            "balanced_accuracy": 0.534687179296615,
            "auc": 0.8311039193610363,
            "f1_score": 0.9691968334658321,
            "RMSE": 0.22540518032899778
        },
        "pfa": {
            "accuracy": 0.9388078072797609,
            "balanced_accuracy": 0.5619529710962341,
            "auc": 0.8290254328208146,
            "f1_score": 0.9681639374256701,
            "RMSE": 0.2265111070494029
        },
        "pfa_train": {
            "accuracy": 0.9410403374067265,
            "balanced_accuracy": 0.5632408099949557,
            "auc": 0.8204237158819037,
            "f1_score": 0.9693639020004495,
            "RMSE": 0.22287372119753557
        },
        "item_avg": {
            "accuracy": 0.9362581325830842,
            "balanced_accuracy": 0.5239138353482593,
            "auc": 0.8193028657519803,
            "f1_score": 0.9669688824092214,
            "RMSE": 0.2319271567633531
        },
        "item_avg_train": {
            "accuracy": 0.9390721315021088,
            "balanced_accuracy": 0.5254617733424626,
            "auc": 0.8242039835610114,
            "f1_score": 0.9684719470839068,
            "RMSE": 0.2275147031119365
        },
        "global_avg": {
            "accuracy": 0.9352910145946897,
            "balanced_accuracy": 0.5,
            "auc": 0.5,
            "f1_score": 0.9665636925313464,
            "RMSE": 0.24601655546589266
        },
        "global_avg_train": {
            "accuracy": 0.9368443819617173,
            "balanced_accuracy": 0.5,
            "auc": 0.5,
            "f1_score": 0.967392518146287,
            "RMSE": 0.24324264829278036
        }
    },
    "fold3": {
        "afm_bg": {
            "accuracy": 0.942678390260399,
            "balanced_accuracy": 0.5175509803113882,
            "auc": 0.7810851223162332,
            "f1_score": 0.9704291695743196,
            "RMSE": 0.22519713423271062
        },
        "afm_bg_train": {
            "accuracy": 0.9368952185404426,
            "balanced_accuracy": 0.5195653048961855,
            "auc": 0.785368753891313,
            "f1_score": 0.9673319387120484,