{
    "fold0": {
        "afm_bg": {
            "accuracy": 0.9362086776859504,
            "balanced_accuracy": 0.5,
            "auc": 0.736776521320986,
            "f1_score": 0.9670534880618914,
            "RMSE": 0.23862522707259892
        },
        "afm_bg_train": {
            "accuracy": 0.9366207901202357,
            "balanced_accuracy": 0.5,
            "auc": 0.742944200224938,
            "f1_score": 0.967273298829024,
            "RMSE": 0.23771091341147213
        },
        "afm_bgt": {
            "accuracy": 0.9389634986225895,
            "balanced_accuracy": 0.5253651635720601,
            "auc": 0.8221586858392665,
            "f1_score": 0.9684144874593488,
            "RMSE": 0.2285734810443094
        },
        "afm_bgt_train": {
            "accuracy": 0.9397951862239906,
            "balanced_accuracy": 0.5293607144629029,
            "auc": 0.8322932783700746,
            "f1_score": 0.9688424795490092,
            "RMSE": 0.22610466569197138
        },
        "pfa": {
            "accuracy": 0.9379304407713499,
            "balanced_accuracy": 0.5292149471822792,
            "auc": 0.7820509718150371,
            "f1_score": 0.9678426475179518,
            "RMSE": 0.23128919269089193
        },
        "pfa_train": {
            "accuracy": 0.937642684756376,
            "balanced_accuracy": 0.5366873819455665,
            "auc": 0.7837545711688009,
            "f1_score": 0.9676538921345272,
            "RMSE": 0.22982810599529754
        },
        "item_avg": {
            "accuracy": 0.9378443526170799,
            "balanced_accuracy": 0.5241386756014705,
            "auc": 0.8120475281927187,
            "f1_score": 0.9678195756819398,
            "RMSE": 0.23073265817564784
        },
        "item_avg_train": {
            "accuracy": 0.9385993520753159,
            "balanced_accuracy": 0.5269632204918965,
            "auc": 0.8263672892372739,
            "f1_score": 0.9682118012562192,
            "RMSE": 0.22778915162390756
        },
        "global_avg": {
            "accuracy": 0.9362086776859504,
            "balanced_accuracy": 0.5,
            "auc": 0.5,
            "f1_score": 0.9670534880618914,
            "RMSE": 0.24438117633756723
        },
        "global_avg_train": {
            "accuracy": 0.9366207901202357,
            "balanced_accuracy": 0.5,
            "auc": 0.5,
            "f1_score": 0.967273298829024,
            "RMSE": 0.2436437678964539
        }
    },
    "fold1": {
        "afm_bg": {
            "accuracy": 0.9351107972102057,
            "balanced_accuracy": 0.5,
            "auc": 0.7415046910002672,
            "f1_score": 0.966467448332497,
            "RMSE": 0.2408375035040463
        },
        "afm_bg_train": {
            "accuracy": 0.9368869106780173,
            "balanced_accuracy": 0.5,
            "auc": 0.7420880532117957,
            "f1_score": 0.9674151913702129,
            "RMSE": 0.23716235508773537
        },
        "afm_bgt": {
            "accuracy": 0.9387304670256909,
            "balanced_accuracy": 0.5304234231456934,
            "auc": 0.8324255759705694,
            "f1_score": 0.9682670324645632,
            "RMSE": 0.2280074614531967
        },
        "afm_bgt_train": {
            "accuracy": 0.9395661380234216,
            "balanced_accuracy": 0.5255359728810649,
            "auc": 0.8298421748968781,
            "f1_score": 0.9687363773542726,
            "RMSE": 0.22629284246146902
        },
        "pfa": {
            "accuracy": 0.9349342279509137,
            "balanced_accuracy": 0.5410549227243768,
            "auc": 0.7833887595823827,
            "f1_score": 0.9661724881810254,
            "RMSE": 0.233483475388201
        },
        "pfa_train": {
            "accuracy": 0.938377771055702,
            "balanced_accuracy": 0.5368749991167122,
            "auc": 0.7842247273179229,
            "f1_score": 0.9680483979386063,
            "RMSE": 0.22935832372110518
        },
        "item_avg": {
            "accuracy": 0.9375827668402931,
            "balanced_accuracy": 0.5215798857307273,
            "auc": 0.8243442618739338,
            "f1_score": 0.9676918155645936,
            "RMSE": 0.2300561489417534
        },
        "item_avg_train": {
            "accuracy": 0.9387666911542284,
            "balanced_accuracy": 0.5209586001477481,
            "auc": 0.823538109841297,
            "f1_score": 0.9683281180151989,
            "RMSE": 0.2279333509098542
        },
        "global_avg": {
            "accuracy": 0.9351107972102057,
            "balanced_accuracy": 0.5,
            "auc": 0.5,
            "f1_score": 0.966467448332497,
            "RMSE": 0.24633665730083654
        },
        "global_avg_train": {
            "accuracy": 0.9368869106780173,
            "balanced_accuracy": 0.5,
            "auc": 0.5,
            "f1_score": 0.9674151913702129,
            "RMSE": 0.24316625439854536
        }
    },
    "fold2": {
        "afm_bg": {
            "accuracy": 0.9352910145946897,
            "balanced_accuracy": 0.5,
            "auc": 0.7417183170259203,
            "f1_score": 0.9665636925313464,
            "RMSE": 0.2399046537786522
        },
        "afm_bg_train": {
            "accuracy": 0.9368443819617173,
            "balanced_accuracy": 0.5,
            "auc": 0.7409917433455777,
            "f1_score": 0.967392518146287,
            "RMSE": 0.2373997293475481
        },
        "afm_bgt": {
            "accuracy": 0.9374890100228591,
            "balanced_accuracy": 0.5239395072627251,
            "auc": 0.8234532224510981,
            "f1_score": 0.9676303209651719,
            "RMSE": 0.23082540034814997
        },
        "afm_bgt_train": {
            "accuracy": 0.9401968205904617,
            "balanced_accuracy": 0.5310124027710353,
            "auc": 0.8316651591795685,
            "f1_score": 0.9690504706790988,
            "RMSE": 0.22542128960075403
        },
        "pfa": {
            "accuracy": 0.9367856514858449,
            "balanced_accuracy": 0.5419015455258834,
            "auc": 0.7874439560394648,
            "f1_score": 0.967167450568519,
            "RMSE": 0.2319032507757655
        },
        "pfa_train": {
            "accuracy": 0.9380339569590137,
            "balanced_accuracy": 0.5354472018456702,
            "auc": 0.7817438555405686,
            "f1_score": 0.9678699996635601,
            "RMSE": 0.22967690261417983
        },
        "item_avg": {
            "accuracy": 0.9362581325830842,
            "balanced_accuracy": 0.5239138353482593,
            "auc": 0.8193028657519803,
            "f1_score": 0.9669688824092214,
            "RMSE": 0.2319271567633531
        },
        "item_avg_train": {
            "accuracy": 0.9390721315021088,
            "balanced_accuracy": 0.5254617733424626,
            "auc": 0.8242039835610114,
            "f1_score": 0.9684719470839068,
            "RMSE": 0.2275147031119365
        },
        "global_avg": {
            "accuracy": 0.9352910145946897,
            "balanced_accuracy": 0.5,
            "auc": 0.5,
            "f1_score": 0.9665636925313464,
            "RMSE": 0.24601655546589266
        },
        "global_avg_train": {
            "accuracy": 0.9368443819617173,
            "balanced_accuracy": 0.5,
            "auc": 0.5,
            "f1_score": 0.967392518146287,
            "RMSE": 0.24324264829278036
        }
    },
    "fold3": {
        "afm_bg": {
            "accuracy": 0.9415793033479878,
            "balanced_accuracy": 0.5,
            "auc": 0.7416216813955178,
            "f1_score": 0.9699107337252341,
            "RMSE": 0.2293453804376117
        },
        "afm_bg_train": {
            "accuracy": 0.9352351412157882,
            "balanced_accuracy": 0.5001569561866519,
            "auc": 0.7421766216534708,
            "f1_score": 0.9665331000620802,
            "RMSE": 0.24008308195355296
        },
        "afm_bgt": {
            "accuracy": 0.9435238417314846,