{
    "fold0": {
        "afm_bg": {
            "accuracy": 0.93775826446281,
            "balanced_accuracy": 0.5152896830936758,
            "auc": 0.7480101757488328,
            "f1_score": 0.9678137381471753,
            "RMSE": 0.23690914498503826
        },
        "afm_bg_train": {
            "accuracy": 0.9381645032939795,
            "balanced_accuracy": 0.5177755783378143,
            "auc": 0.756022335964512,
            "f1_score": 0.9680197908467334,
            "RMSE": 0.2341688126028707
        },
        "afm_bgt": {
            "accuracy": 0.9391356749311295,
            "balanced_accuracy": 0.526085904416213,
            "auc": 0.8185130997254408,
            "f1_score": 0.9685035862253307,
            "RMSE": 0.22894953451307265
        },
        "afm_bgt_train": {
            "accuracy": 0.9396647315895897,
            "balanced_accuracy": 0.5291311536128529,
            "auc": 0.8302343819743149,
            "f1_score": 0.9687735604892704,
            "RMSE": 0.22635368269709447
        },
        "pfa": {
            "accuracy": 0.9393078512396694,
            "balanced_accuracy": 0.5425263157894736,
            "auc": 0.7852590627763042,
            "f1_score": 0.9685225699870518,
            "RMSE": 0.22920229965207578
        },
        "pfa_train": {
            "accuracy": 0.9399473832974583,
            "balanced_accuracy": 0.5558287185309954,
            "auc": 0.7902058589799651,
            "f1_score": 0.9688078782129466,
            "RMSE": 0.22639401652253036
        },
        "item_avg": {
            "accuracy": 0.9378443526170799,
            "balanced_accuracy": 0.5241386756014705,
            "auc": 0.8120475281927187,
            "f1_score": 0.9678195756819398,
            "RMSE": 0.23073265817564784
        },
        "item_avg_train": {
            "accuracy": 0.9385993520753159,
            "balanced_accuracy": 0.5269632204918965,
            "auc": 0.8263672892372739,
            "f1_score": 0.9682118012562192,
            "RMSE": 0.22778915162390756
        },
        "global_avg": {
            "accuracy": 0.9362086776859504,
            "balanced_accuracy": 0.5,
            "auc": 0.5,
            "f1_score": 0.9670534880618914,
            "RMSE": 0.24438117633756723
        },
        "global_avg_train": {
            "accuracy": 0.9366207901202357,
            "balanced_accuracy": 0.5,
            "auc": 0.5,
            "f1_score": 0.967273298829024,
            "RMSE": 0.2436437678964539
        }
    },
    "fold1": {
        "afm_bg": {
            "accuracy": 0.9367882051734793,
            "balanced_accuracy": 0.5179897034342438,
            "auc": 0.7569994425262553,
            "f1_score": 0.9672820325351855,
            "RMSE": 0.2374202107081081
        },
        "afm_bg_train": {
            "accuracy": 0.9384641977442634,
            "balanced_accuracy": 0.5168060858560735,
            "auc": 0.7534120941502066,
            "f1_score": 0.9681844586442647,
            "RMSE": 0.23403209017710294
        },
        "afm_bgt": {
            "accuracy": 0.9384656131367529,
            "balanced_accuracy": 0.530914873502271,
            "auc": 0.8294701944221796,
            "f1_score": 0.9681225703178596,
            "RMSE": 0.228740636657992
        },
        "afm_bgt_train": {
            "accuracy": 0.9398038114169656,
            "balanced_accuracy": 0.5280574623144447,
            "auc": 0.8275883167137993,
            "f1_score": 0.968852715604946,
            "RMSE": 0.226428350749902
        },
        "pfa": {
            "accuracy": 0.9366999205438333,
            "balanced_accuracy": 0.5578256982551328,
            "auc": 0.7877690388844358,
            "f1_score": 0.9670450889368938,
            "RMSE": 0.2305527568506618
        },
        "pfa_train": {
            "accuracy": 0.940430404909036,
            "balanced_accuracy": 0.554413698627087,
            "auc": 0.7899213746403183,
            "f1_score": 0.9690742464862196,
            "RMSE": 0.22612812483204328
        },
        "item_avg": {
            "accuracy": 0.9375827668402931,
            "balanced_accuracy": 0.5215798857307273,
            "auc": 0.8243442618739338,
            "f1_score": 0.9676918155645936,
            "RMSE": 0.2300561489417534
        },
        "item_avg_train": {
            "accuracy": 0.9387666911542284,
            "balanced_accuracy": 0.5209586001477481,
            "auc": 0.823538109841297,
            "f1_score": 0.9683281180151989,
            "RMSE": 0.2279333509098542
        },
        "global_avg": {
            "accuracy": 0.9351107972102057,
            "balanced_accuracy": 0.5,
            "auc": 0.5,
            "f1_score": 0.966467448332497,
            "RMSE": 0.24633665730083654
        },
        "global_avg_train": {
            "accuracy": 0.9368869106780173,
            "balanced_accuracy": 0.5,
            "auc": 0.5,
            "f1_score": 0.9674151913702129,
            "RMSE": 0.24316625439854536
        }
    },
    "fold2": {
        "afm_bg": {
            "accuracy": 0.9362581325830842,
            "balanced_accuracy": 0.5150609842075577,
            "auc": 0.7516055164218511,
            "f1_score": 0.9670109660099194,
            "RMSE": 0.23719245775055603
        },
        "afm_bg_train": {
            "accuracy": 0.9385097869579323,
            "balanced_accuracy": 0.517336859324572,
            "auc": 0.7532479534281363,
            "f1_score": 0.9682065733999844,
            "RMSE": 0.2339886495991574
        },
        "afm_bgt": {
            "accuracy": 0.9374890100228591,
            "balanced_accuracy": 0.5252042002828253,
            "auc": 0.82184195858571,
            "f1_score": 0.9676244251172533,
            "RMSE": 0.23055532127586878
        },
        "afm_bgt_train": {
            "accuracy": 0.9400670487725749,
            "balanced_accuracy": 0.530464074105114,
            "auc": 0.8293706663040264,
            "f1_score": 0.9689833107601383,
            "RMSE": 0.22580111412415863
        },
        "pfa": {
            "accuracy": 0.9384561280112538,
            "balanced_accuracy": 0.5522797681813352,
            "auc": 0.7948946225385616,
            "f1_score": 0.9680190058479533,
            "RMSE": 0.2285745150189454
        },
        "pfa_train": {
            "accuracy": 0.939937276954688,
            "balanced_accuracy": 0.5521125903108639,
            "auc": 0.7873064315408469,
            "f1_score": 0.9688191239712106,
            "RMSE": 0.22654466921630353
        },
        "item_avg": {
            "accuracy": 0.9362581325830842,
            "balanced_accuracy": 0.5239138353482593,
            "auc": 0.8193028657519803,
            "f1_score": 0.9669688824092214,
            "RMSE": 0.2319271567633531
        },
        "item_avg_train": {
            "accuracy": 0.9390721315021088,
            "balanced_accuracy": 0.5254617733424626,
            "auc": 0.8242039835610114,
            "f1_score": 0.9684719470839068,
            "RMSE": 0.2275147031119365
        },
        "global_avg": {
            "accuracy": 0.9352910145946897,
            "balanced_accuracy": 0.5,
            "auc": 0.5,
            "f1_score": 0.9665636925313464,
            "RMSE": 0.24601655546589266
        },
        "global_avg_train": {
            "accuracy": 0.9368443819617173,
            "balanced_accuracy": 0.5,
            "auc": 0.5,
            "f1_score": 0.967392518146287,
            "RMSE": 0.24324264829278036
        }
    },
    "fold3": {
        "afm_bg": {
            "accuracy": 0.9425938451132905,
            "balanced_accuracy": 0.5147913104867973,
            "auc": 0.7521720989226794,
            "f1_score": 0.9703945934161761,
            "RMSE": 0.22694176863881288
        },
        "afm_bg_train": {
            "accuracy": 0.9368515322950569,
            "balanced_accuracy": 0.517972387274808,
            "auc": 0.7550030153736794,
            "f1_score": 0.967315975715917,